ByteHamster;5811634;Maintainer
danieloeh;968613;Original creator of AntennaPod (retired)
mfietz;6860662;Maintainer (retired)
TomHennen;5216560;Maintainer (retired)
orionlee;250644;Contributor
domingos86;9538859;Contributor
tonytamsf;149837;Contributor
andersonvom;69922;Contributor
damoasda;46045854;Contributor
TacoTheDank;32376686;Contributor
shortspider;5712543;Contributor
ebraminio;833473;Contributor
asdoi;36813904;Contributor
spacecowboy;223655;Contributor
patheticpat;16046;Contributor
brad;1614;Contributor
Cj-Malone;10121513;Contributor
maxbechtold;9162198;Contributor
gaul;848247;Contributor
qkolj;6667105;Contributor
keunes;11229646;Maintainer
pachecosf;46357909;Contributor
gerardolgvr;20119298;Contributor
bws9000;262625;Contributor
ahangarha;11241315;Contributor
hannesa2;3314607;Contributor
rharriso;570910;Contributor
xgouchet;818706;Contributor
sevenmaster;12869538;Contributor
TheRealFalcon;153674;Contributor
Slinger;75751;Contributor
johnjohndoe;144518;Contributor
jas14;569991;Contributor
udif;809640;Contributor
malockin;12814657;Contributor
dirkmueller;1029152;Contributor
jatinkumarg;20503830;Contributor
peschmae0;4450993;Contributor
orelogo;15976578;Contributor
txtd;7108931;Contributor
ydinath;4193331;Contributor
CedricCabessa;365097;Contributor
mchelen;30691;Contributor
dethstar;1239177;Contributor
drabux;10663142;Contributor
saqura;1935380;Contributor
bibz;5141956;Contributor
hzulla;1705654;Contributor
deandreamatias;21011641;Contributor
MeirAtIMDDE;4421079;Contributor
egsavage;126165;Contributor
ligi;111600;Contributor
Xeitor;8825715;Contributor
dreiss;4121;Contributor
liesen;26872;Contributor
nereocystis;2257107;Contributor
rezanejati;16049370;Contributor
twiceyuan;2619800;Contributor
JessieVela;33134794;Contributor
HaBaLeS;730902;Contributor
volhol;11587858;Contributor
michaelmwhite;28901334;Contributor
CameronBanga;611354;Contributor
HrBDev;25826502;Contributor
HolgerJeromin;2410353;Contributor
xisberto;1914956;Contributor
jmue;898577;Contributor
katrinleinweber;9948149;Contributor
LatinSuD;451487;Contributor
24hours;650407;Contributor
SosoTughushi;19908097;Contributor
fabolhak;20029691;Contributor
archibishop;36948493;Contributor
alifeflow;24603829;Contributor
avirajrsingh;69088913;Contributor
toggles;14695;Contributor
matdb;48329535;Contributor
damlayildiz;56313500;Contributor
kingargyle;177042;Contributor
dsmith47;14109426;Contributor
hannesaa2;18496079;Contributor
jhunnius;9149031;Contributor
ShadowIce;59123;Contributor
Niffler;8172446;Contributor
raghulj;57007;Contributor
raghulrm;5362986;Contributor
mamehacker;16738348;Contributor
skitt;2128935;Contributor
wseemann;2296196;Contributor
markamaze;17114678;Contributor
mohitshah3111999;42018918;Contributor
moralesg;14352147;Contributor
mr-intj;6268767;Contributor
tuxayo;2678215;Contributor
schlch;56929215;Contributor
alimemonzx;44647595;Contributor
dev-darrell;52300159;Contributor
jmdouglas;10855634;Contributor
olivoto;15932680;Contributor
PtilopsisLeucotis;54054883;Contributor
abhinavg1997;60095795;Contributor
alanorth;191754;Contributor
alexte;7724992;Contributor
andrey-krutov;1488973;Contributor
arantius;84729;Contributor
BoJacobs;25435640;Contributor
chetan882777;36985543;Contributor
chrissicool;232590;Contributor
cszucko;1810383;Contributor
CWftw;1498303;Contributor
connectety;26038710;Contributor
danielm5;66779;Contributor
ariedov;958646;Contributor
brettle;118192;Contributor
edwinhere;19705425;Contributor
eirikv;4076243;Contributor
eerden;277513;Contributor
jklippel;8657220;Contributor
jannic;232606;Contributor
Foso;5015532;Contributor
Kaligule;3586246;Contributor
kvithayathil;1056073;Contributor
luiscruz;1080714;Contributor
mlasson;5814258;Contributor
schwedenmut;9077622;Contributor
M-arcel;56698158;Contributor
msoose;30473690;Contributor
mo;7117;Contributor
mdeveloper20;2319126;Contributor
mschuetz;108637;Contributor
max-wittig;6639323;Contributor
MolarAmbiguity;10541979;Contributor
mounirlamouri;573590;Contributor
nikhil097;35090769;Contributor
panoreak;25068506;Contributor
patrickjkennedy;8617261;Contributor
ortylp;470439;Contributor
ramzan;55637406;Contributor
iamrichR;44210678;Contributor
SamWhited;512573;Contributor
selivan;1208989;Contributor
sonnayasomnambula;7716779;Contributor
sethoscope;534043;Contributor
shantanahardy;26757164;Contributor
danners;116551;Contributor
corecode;177979;Contributor
vimsick;20211590;Contributor
lyallemma;25173082;Contributor
edent;837136;Contributor
atrus6;357881;Contributor
heyyviv;56256802;Contributor
waylife;3348620;Contributor
amhokies;3124968;Contributor
andrewc1;19559401;Contributor
axq;5077221;Contributor
binarytoto;75904760;Contributor
chrk2205;44704035;Contributor
fossterer;4236021;Contributor
lightonflux;1377943;Contributor
minusf;3632883;Contributor
zawad2221;32180355;Contributor
