Arabic;abuzar3.khalid, badarotti, keunes, nabilMaghura, rex07, shubbar
Asturian (ast_ES);enolp
Basque;gaztainalde, keunes, Osoitz, pospolos
Breton;Belvar, keunes
Bulgarian;keunes, solusitor
Catalan;carles.llacer, dvd1985, exort12, IvanAmarante, javiercoll, keunes, Kintu, lambdani, marcmetallextrem, xc70
Chinese (zh_CN);brnme, cyril3, Felix2yu, gaohongyuan, Guaidaodl, Huck0, iconteral, jhxie, jxj2zzz79pfp9bpo, keunes, kyleehee, molisiye, owen8877, RainSlide, RangerNJU, Sak94664, spice2wolf, tupunco, wongsyrone, yangyang, yiqiok
Chinese (zh_TW);bobchao, ijliao, keunes, mapobi, pggdt, ymhuang0808
Czech (cs_CZ);anotheranonymoususer, elich, Hanzmeister, svetlemodry, Thomaash
Danish;JFreak, jhertel, keunes, SebastianKiwiDk, twikedk
Dutch;e2jk, keunes, rwv, Vistaus
Estonian;Eraser, keunes, mahfiaz
Finnish;Ban3, keunes, Sahtor
French;ChaoticMind, clombion, Cornegidouille, e2jk, keunes, lacouture, LouFex, Matth78, Poussinou, sterylmreep
Galician;antiparvos, pikamoku, Raichely
German;_Er, ByteHamster, ceving, dadosch, DerSilly, elkangaroo, enz, f_grubm, finsterwalder, hbilke, HolgerJeromin, JoeMcFly, kalei, keunes, mfietz, pudeeh, Quiss42, repat, tomte, tweimer, Willhelm, ypid
Modern Greek (1453-);AnimaRain, antonist, keunes, pavlosv
Hebrew (he_IL);amir.dafnyman, E1i9, mongoose4004, pinkasey, rellieberman, Yaron
Hindi (hi_IN);keunes, purple.coder, siddhusengar, thelazyoxymoron
Hu;hurrikan, keunes, lna91, marthynw, meskobalazs, naren93
Icelandic;keunes, marthjod
Indonesian;dbrw, keunes, levirs565
Italian (it_IT);aalex70, allin, alvami, Bonnee, dontknowcris, giuseppep, Guybrush88, ilmanzo, keunes, m.chinni, marco_pag, neonsoftware, niccord, salorock, theloca95
Japanese;keunes, KotaKato, Naofumi, sh3llc4t, TranslatorG
Kannada (kn_IN);chiraag.nataraj, keunes, thejeshgn
Ko;changwoo, keunes, libliboom
Lithuanian;keunes, naglis
Macedonian;krisfremen
Malayalam;joice, keunes, rashivkp
Norwegian Bokm√•l (nb_NO);abstrakct, ahysing, bablecopherye, corkie, forteller, heraldo, jakobkg, keunes, kongk, sevenmaster, timbast
Persian;ahangarha, danialbehzadi, ebadi, ebraminio, F7D, hamidrezabayat76, keunes, sinamoghaddas
Polish (pl_PL);befeleme, hiro2020, Iwangelion, keunes, lomapur, mandlus, maniexx, Mephistofeles, shark103, tyle
Portuguese;emansije, keunes, smarquespt
Portuguese (pt_BR);alexupits, alysonborges, andersonvom, arua, caioau, carlo_valente, castrors, edman, keunes, lipefire, mbaltar, olivoto, rogervezaro, RubeensVinicius, SamWilliam
Romanian (ro_RO);corneliu.e, fuzzmz, keunes, ralienpp
Russian (ru_RU);ashed, btimofeev, Duke_Raven, gammja, homocomputeris, IgorPolyakov, keunes, mercutiy, null, overmind88, Platun0v, PtilopsisLeucotis, s.chebotar, un_logic, Vladryyu, whereisthetea
Slovak;ati3, keunes, marulinko, tiborepcek
Slovenian (sl_SI);keunes, panter23
Spanish;AleksSyntek, andersonvom, andrespelaezp, deandreamatias, dvd1985, elojodepajaro, Fitoschido, frandavid100, hard_ware, javiercoll, keunes, LatinSuD, leogrignafini, rafael.osuna, tres.14159, vfmatzkin, wakutiteo
Swahili (macrolanguage);keunes, kmtra
Swedish (sv_SE);bpnilsson, keunes, nilso, TwoD
Telugu;keunes, veeven
Turkish;AhmedDuran, brsata, Erdy, keunes, overbite, Slsdem
Ukrainian (uk_UA);keunes, older, paul_sm, sergiyr, zhenya97
Vietnamese;abnvolk, keunes, ppanhh
